Title,Scholar,Category,Views,Country,Uploaded_Date
Power of Sabr,Mufti Menk,Islamic Reminder,250000,India,2024-01-02
Youth and Social Media,Ali Hammuda,Youth Issues,148000,UK,2024-02-15
Lessons from Umar ibn Khattab,Omar Suleiman,Islamic History,320000,USA,2024-03-11
Tawakkul and Faith Reminder,Mufti Menk,Islamic Reminder,98000,Pakistan,2024-05-18
Love for Prophet Muhammad ï·º,Omar Esa,Love & Seerah,280000,Saudi Arabia,2024-04-21
Time Management in Islam,Ali Hammuda,Productivity,156000,India,2024-06-07
Overthinking and Anxiety Remedy,Mufti Menk,Mental Health,194000,Canada,2024-07-13
Marriage Problems in Islam,Omar Suleiman,Family Issues,132000,UAE,2024-08-09
Story of Bilal RA,Mohammed Hoblos,Islamic Stories,220000,Australia,2024-09-01
Forgiveness in Islam,Ali Hammuda,Character Building,175000,India,2024-10-30